{
    "metrics": {
        "checks": {
            "passes": 73495,
            "fails": 0,
            "value": 1
        },
        "http_req_duration{expected_response:true}": {
            "avg": 27.564750676917075,
            "min": 3.7614,
            "med": 26.4956,
            "max": 196.0028,
            "p(90)": 40.850620000000006,
            "p(95)": 47.73601000000002
        },
        "iterations": {
            "count": 73495,
            "rate": 612.2628826941672
        },
        "http_req_sending": {
            "med": 0,
            "max": 0.7845,
            "p(90)": 0,
            "p(95)": 0,
            "avg": 0.00031974283964895575,
            "min": 0
        },
        "http_req_waiting": {
            "max": 196.0028,
            "p(90)": 40.81980000000001,
            "p(95)": 47.67912000000002,
            "avg": 27.527577945438686,
            "min": 3.7614,
            "med": 26.4701
        },
        "submit_ok": {
            "count": 73495,
            "rate": 612.2628826941672
        },
        "http_req_duration": {
            "avg": 27.564750676917075,
            "min": 3.7614,
            "med": 26.4956,
            "max": 196.0028,
            "p(90)": 40.850620000000006,
            "p(95)": 47.73601000000002
        },
        "http_req_receiving": {
            "p(95)": 0.5126,
            "avg": 0.036852988638683006,
            "min": 0,
            "med": 0,
            "max": 1.2997,
            "p(90)": 0
        },
        "http_req_tls_handshaking": {
            "p(90)": 0,
            "p(95)": 0,
            "avg": 0,
            "min": 0,
            "med": 0,
            "max": 0
        },
        "vus_max": {
            "max": 300,
            "value": 300,
            "min": 300
        },
        "submit_latency_ms": {
            "max": 196,
            "p(90)": 41,
            "p(95)": 48,
            "avg": 27.587237227022246,
            "min": 4,
            "med": 27
        },
        "http_req_connecting": {
            "p(95)": 0,
            "avg": 0.00016955847336553508,
            "min": 0,
            "med": 0,
            "max": 1.1675,
            "p(90)": 0
        },
        "iteration_duration": {
            "p(90)": 43.07922000000001,
            "p(95)": 49.92242000000002,
            "avg": 29.806704370365132,
            "min": 9.1577,
            "med": 28.6979,
            "max": 198.3083
        },
        "http_req_failed": {
            "passes": 0,
            "fails": 73495,
            "value": 0
        },
        "vus": {
            "value": 41,
            "min": 1,
            "max": 76
        },
        "data_sent": {
            "count": 34751030,
            "rate": 289499.5007060546
        },
        "data_received": {
            "count": 18153265,
            "rate": 151228.93202545927
        },
        "http_reqs": {
            "count": 73495,
            "rate": 612.2628826941672
        },
        "http_req_blocked": {
            "min": 0,
            "med": 0,
            "max": 1.1675,
            "p(90)": 0,
            "p(95)": 0,
            "avg": 0.00031185658888359743
        }
    },
    "root_group": {
        "name": "",
        "path": "",
        "id": "d41d8cd98f00b204e9800998ecf8427e",
        "groups": {},
        "checks": {
                "http 200": {
                    "passes": 73495,
                    "fails": 0,
                    "name": "http 200",
                    "path": "::http 200",
                    "id": "1260f33323d77a5ba74c645bf6d4537e"
                }
            }
    }
}