{
    "root_group": {
        "id": "d41d8cd98f00b204e9800998ecf8427e",
        "groups": {},
        "checks": {
                "http 200": {
                    "passes": 14399,
                    "fails": 0,
                    "name": "http 200",
                    "path": "::http 200",
                    "id": "1260f33323d77a5ba74c645bf6d4537e"
                }
            },
        "name": "",
        "path": ""
    },
    "metrics": {
        "http_req_connecting": {
            "avg": 0.001264594763525245,
            "min": 0,
            "med": 0,
            "max": 1.1577,
            "p(90)": 0,
            "p(95)": 0
        },
        "http_req_receiving": {
            "max": 1.3888,
            "p(90)": 0,
            "p(95)": 0.5277,
            "avg": 0.04560932703659976,
            "min": 0,
            "med": 0
        },
        "iteration_duration": {
            "avg": 29.679067226890673,
            "min": 10.1043,
            "med": 27.7881,
            "max": 246.5631,
            "p(90)": 41.406000000000006,
            "p(95)": 47.40967
        },
        "http_req_waiting": {
            "avg": 27.231943787762958,
            "min": 7.5057,
            "med": 25.3553,
            "max": 242.8414,
            "p(90)": 39.02268000000001,
            "p(95)": 45.027509999999964
        },
        "http_req_failed": {
            "passes": 0,
            "fails": 14399,
            "value": 0
        },
        "http_reqs": {
            "rate": 239.88144968461603,
            "count": 14399
        },
        "http_req_duration": {
            "avg": 27.278549239530452,
            "min": 7.5057,
            "med": 25.3955,
            "max": 243.3837,
            "p(90)": 39.09894,
            "p(95)": 45.05750999999995
        },
        "submit_latency_ms": {
            "p(95)": 45,
            "avg": 27.307521355649698,
            "min": 7,
            "med": 25,
            "max": 244,
            "p(90)": 39
        },
        "checks": {
            "passes": 14399,
            "fails": 0,
            "value": 1
        },
        "http_req_duration{expected_response:true}": {
            "p(95)": 45.05750999999995,
            "avg": 27.278549239530452,
            "min": 7.5057,
            "med": 25.3955,
            "max": 243.3837,
            "p(90)": 39.09894
        },
        "data_sent": {
            "count": 6798622,
            "rate": 113262.26135271364
        },
        "submit_ok": {
            "count": 14399,
            "rate": 239.88144968461603
        },
        "http_req_blocked": {
            "avg": 0.0016470379887492189,
            "min": 0,
            "med": 0,
            "max": 1.1577,
            "p(90)": 0,
            "p(95)": 0
        },
        "vus": {
            "value": 11,
            "min": 1,
            "max": 16
        },
        "iterations": {
            "count": 14399,
            "rate": 239.88144968461603
        },
        "vus_max": {
            "value": 300,
            "min": 300,
            "max": 300
        },
        "data_received": {
            "count": 3556553,
            "rate": 59250.718072100164
        },
        "http_req_tls_handshaking": {
            "min": 0,
            "med": 0,
            "max": 0,
            "p(90)": 0,
            "p(95)": 0,
            "avg": 0
        },
        "http_req_sending": {
            "avg": 0.000996124730884089,
            "min": 0,
            "med": 0,
            "max": 0.6516,
            "p(90)": 0,
            "p(95)": 0
        }
    }
}