{
    "metrics": {
        "iteration_duration": {
            "max": 424.2213,
            "p(90)": 65.4791,
            "p(95)": 76.61465999999992,
            "avg": 48.62526143891895,
            "min": 18.0887,
            "med": 43.5955
        },
        "checks": {
            "passes": 32997,
            "fails": 0,
            "value": 1
        },
        "http_req_tls_handshaking": {
            "p(90)": 0,
            "p(95)": 0,
            "avg": 0,
            "min": 0,
            "med": 0,
            "max": 0
        },
        "http_req_receiving": {
            "min": 0,
            "med": 0,
            "max": 1.5577,
            "p(90)": 0,
            "p(95)": 0.5171,
            "avg": 0.03693296663333034
        },
        "vus_max": {
            "max": 300,
            "value": 300,
            "min": 300
        },
        "http_req_duration{expected_response:true}": {
            "avg": 46.382505727793074,
            "min": 15.4195,
            "med": 41.3316,
            "max": 422.1446,
            "p(90)": 63.198220000000006,
            "p(95)": 74.37427999999998
        },
        "http_req_blocked": {
            "med": 0,
            "max": 1.5596,
            "p(90)": 0,
            "p(95)": 0,
            "avg": 0.0023058914446767885,
            "min": 0
        },
        "submit_ok": {
            "count": 32997,
            "rate": 412.20267268255463
        },
        "http_req_failed": {
            "passes": 0,
            "fails": 32997,
            "value": 0
        },
        "iterations": {
            "count": 32997,
            "rate": 412.20267268255463
        },
        "submit_latency_ms": {
            "med": 41,
            "max": 422,
            "p(90)": 63,
            "p(95)": 74,
            "avg": 46.40594599509046,
            "min": 15
        },
        "data_received": {
            "count": 8150259,
            "rate": 101814.060152591
        },
        "vus": {
            "value": 36,
            "min": 3,
            "max": 123
        },
        "http_req_duration": {
            "min": 15.4195,
            "med": 41.3316,
            "max": 422.1446,
            "p(90)": 63.198220000000006,
            "p(95)": 74.37427999999998,
            "avg": 46.382505727793074
        },
        "http_req_connecting": {
            "med": 0,
            "max": 0.7722,
            "p(90)": 0,
            "p(95)": 0,
            "avg": 0.0016029396611813192,
            "min": 0
        },
        "http_req_waiting": {
            "avg": 46.344368688062424,
            "min": 15.4195,
            "med": 41.2956,
            "max": 422.1446,
            "p(90)": 63.15076,
            "p(95)": 74.36409999999998
        },
        "http_reqs": {
            "count": 32997,
            "rate": 412.20267268255463
        },
        "data_sent": {
            "count": 15595476,
            "rate": 194820.6469968978
        },
        "http_req_sending": {
            "avg": 0.0012040730975543233,
            "min": 0,
            "med": 0,
            "max": 0.7395,
            "p(90)": 0,
            "p(95)": 0
        }
    },
    "root_group": {
        "name": "",
        "path": "",
        "id": "d41d8cd98f00b204e9800998ecf8427e",
        "groups": {},
        "checks": {
                "http 200": {
                    "name": "http 200",
                    "path": "::http 200",
                    "id": "1260f33323d77a5ba74c645bf6d4537e",
                    "passes": 32997,
                    "fails": 0
                }
            }
    }
}