{
    "root_group": {
        "checks": {
            "http 200": {
                "fails": 0,
                "name": "http 200",
                "path": "::http 200",
                "id": "1260f33323d77a5ba74c645bf6d4537e",
                "passes": 134999
            }
        },
        "name": "",
        "path": "",
        "id": "d41d8cd98f00b204e9800998ecf8427e",
        "groups": {}
    },
    "metrics": {
        "data_sent": {
            "count": 11663784,
            "rate": 259192.2590318342
        },
        "http_req_connecting": {
            "max": 1.0448,
            "p(90)": 0,
            "p(95)": 0,
            "avg": 0.00012371573122763873,
            "min": 0,
            "med": 0
        },
        "iteration_duration": {
            "p(95)": 1.6953,
            "avg": 1.2181943688471697,
            "min": 1.0028,
            "med": 1.095,
            "max": 56.4408,
            "p(90)": 1.6215
        },
        "vus_max": {
            "value": 200,
            "min": 200,
            "max": 200
        },
        "app_read_ok": {
            "rate": 2999.9437384161592,
            "count": 134999
        },
        "data_received": {
            "count": 57276598,
            "rate": 1272798.8468646398
        },
        "app_read_latency_ms": {
            "avg": 0.05360039703997807,
            "min": 0,
            "med": 0,
            "max": 56,
            "p(90)": 0,
            "p(95)": 1,
            "thresholds": {
                "p(95)<200": false,
                "p(99)<400": false
            }
        },
        "http_req_failed": {
            "passes": 0,
            "fails": 134999,
            "thresholds": {
                "rate<0.02": false
            },
            "value": 0
        },
        "http_req_blocked": {
            "avg": 0.0002053748546285528,
            "min": 0,
            "med": 0,
            "max": 1.0448,
            "p(90)": 0,
            "p(95)": 0
        },
        "http_reqs": {
            "count": 134999,
            "rate": 2999.9437384161592
        },
        "http_req_waiting": {
            "avg": 0.030341018822361742,
            "min": 0,
            "med": 0,
            "max": 3.6211,
            "p(90)": 0,
            "p(95)": 0
        },
        "http_req_receiving": {
            "med": 0,
            "max": 10.2174,
            "p(90)": 0,
            "p(95)": 0,
            "avg": 0.013317287535463218,
            "min": 0
        },
        "http_req_tls_handshaking": {
            "med": 0,
            "max": 0,
            "p(90)": 0,
            "p(95)": 0,
            "avg": 0,
            "min": 0
        },
        "vus": {
            "min": 1,
            "max": 7,
            "value": 4
        },
        "http_req_duration": {
            "avg": 0.04430520892747403,
            "min": 0,
            "med": 0,
            "max": 54.5823,
            "p(90)": 0,
            "p(95)": 0.5167,
            "thresholds": {
                "p(99)<400": false,
                "p(95)<200": false
            }
        },
        "http_req_sending": {
            "p(95)": 0,
            "avg": 0.0006469025696486642,
            "min": 0,
            "med": 0,
            "max": 54.0388,
            "p(90)": 0
        },
        "http_req_duration{expected_response:true}": {
            "p(95)": 0.5167,
            "avg": 0.04430520892747403,
            "min": 0,
            "med": 0,
            "max": 54.5823,
            "p(90)": 0
        },
        "iterations": {
            "count": 134999,
            "rate": 2999.9437384161592
        },
        "checks": {
            "passes": 134999,
            "fails": 0,
            "value": 1
        }
    }
}