{
    "metrics": {
        "http_reqs": {
            "count": 449934,
            "rate": 9998.075354828246
        },
        "http_req_blocked": {
            "max": 2.1897,
            "p(90)": 0,
            "p(95)": 0,
            "avg": 0.0003756275364831284,
            "min": 0,
            "med": 0
        },
        "iterations": {
            "count": 449934,
            "rate": 9998.075354828246
        },
        "checks": {
            "passes": 449934,
            "fails": 0,
            "value": 1
        },
        "vus_max": {
            "value": 212,
            "min": 200,
            "max": 212
        },
        "app_read_latency_ms": {
            "avg": 0.5225299710624225,
            "min": 0,
            "med": 0,
            "max": 68,
            "p(90)": 1,
            "p(95)": 2,
            "thresholds": {
                "p(95)<200": false,
                "p(99)<400": false
            }
        },
        "dropped_iterations": {
            "count": 72,
            "rate": 1.5999267126903807
        },
        "http_req_duration{expected_response:true}": {
            "min": 0,
            "med": 0,
            "max": 67.9509,
            "p(90)": 1.0309,
            "p(95)": 1.95,
            "avg": 0.49785817053164766
        },
        "vus": {
            "min": 3,
            "max": 67,
            "value": 14
        },
        "http_req_duration": {
            "avg": 0.49785817053164766,
            "min": 0,
            "med": 0,
            "max": 67.9509,
            "p(90)": 1.0309,
            "p(95)": 1.95,
            "thresholds": {
                "p(95)<200": false,
                "p(99)<400": false
            }
        },
        "iteration_duration": {
            "avg": 1.6596524308009335,
            "min": 1.001,
            "med": 1.5462,
            "max": 68.9887,
            "p(90)": 2.1629,
            "p(95)": 3.1565349999999976
        },
        "http_req_waiting": {
            "avg": 0.46234576715693637,
            "min": 0,
            "med": 0,
            "max": 67.9509,
            "p(90)": 1.0252,
            "p(95)": 1.8376499999999767
        },
        "http_req_connecting": {
            "p(90)": 0,
            "p(95)": 0,
            "avg": 0.0002472542639587139,
            "min": 0,
            "med": 0,
            "max": 2.1897
        },
        "http_req_tls_handshaking": {
            "max": 0,
            "p(90)": 0,
            "p(95)": 0,
            "avg": 0,
            "min": 0,
            "med": 0
        },
        "http_req_sending": {
            "avg": 0.0005690314579471655,
            "min": 0,
            "med": 0,
            "max": 4.3223,
            "p(90)": 0,
            "p(95)": 0
        },
        "http_req_failed": {
            "passes": 0,
            "fails": 449934,
            "thresholds": {
                "rate<0.02": false
            },
            "value": 0
        },
        "data_sent": {
            "count": 38874230,
            "rate": 863832.2085037469
        },
        "http_req_receiving": {
            "avg": 0.03494337191676958,
            "min": 0,
            "med": 0,
            "max": 3.0985,
            "p(90)": 0,
            "p(95)": 0.5129
        },
        "app_read_ok": {
            "count": 449934,
            "rate": 9998.075354828246
        },
        "data_received": {
            "count": 190943134,
            "rate": 4242986.398491928
        }
    },
    "root_group": {
        "name": "",
        "path": "",
        "id": "d41d8cd98f00b204e9800998ecf8427e",
        "groups": {},
        "checks": {
                "http 200": {
                    "passes": 449934,
                    "fails": 0,
                    "name": "http 200",
                    "path": "::http 200",
                    "id": "1260f33323d77a5ba74c645bf6d4537e"
                }
            }
    }
}