{
    "root_group": {
        "id": "d41d8cd98f00b204e9800998ecf8427e",
        "groups": {},
        "checks": {
                "pay http 200": {
                    "name": "pay http 200",
                    "path": "::pay http 200",
                    "id": "825e5d643f057d2d3e8855e5c2d623ea",
                    "passes": 2100,
                    "fails": 0
                },
                "pay biz success": {
                    "name": "pay biz success",
                    "path": "::pay biz success",
                    "id": "b98f237064fda4ff76eee91533774769",
                    "passes": 2100,
                    "fails": 0
                }
            },
        "name": "",
        "path": ""
    },
    "metrics": {
        "dropped_iterations": {
            "rate": 289.77714556536455,
            "count": 25844
        },
        "txn_success": {
            "count": 2100,
            "rate": 23.546355273458655
        },
        "http_reqs": {
            "count": 286451,
            "rate": 3211.846197351193
        },
        "http_req_tls_handshaking": {
            "max": 0,
            "p(90)": 0,
            "p(95)": 0,
            "avg": 0,
            "min": 0,
            "med": 0
        },
        "data_sent": {
            "count": 137918630,
            "rate": 1546419.5527660444
        },
        "vus_max": {
            "min": 200,
            "max": 1200,
            "value": 1200
        },
        "http_req_sending": {
            "avg": 0.0019508994557533403,
            "min": 0,
            "med": 0,
            "max": 10.5565,
            "p(90)": 0,
            "p(95)": 0
        },
        "data_received": {
            "count": 71315889,
            "rate": 799632.9804935915
        },
        "iterations": {
            "count": 10455,
            "rate": 117.22721161143345
        },
        "http_req_failed": {
            "passes": 0,
            "fails": 286451,
            "thresholds": {
                "rate<0.05": false
            },
            "value": 0
        },
        "http_req_duration": {
            "med": 11.8681,
            "max": 548.0752,
            "p(90)": 48.2431,
            "p(95)": 58.50065,
            "avg": 19.311026064143018,
            "min": 0
        },
        "iteration_duration": {
            "avg": 8400.647718220926,
            "min": 317.4771,
            "med": 9560.9099,
            "max": 10226.8964,
            "p(90)": 9946.2438,
            "p(95)": 9993.80543
        },
        "http_req_duration{expected_response:true}": {
            "avg": 19.311026064143018,
            "min": 0,
            "med": 11.8681,
            "max": 548.0752,
            "p(90)": 48.2431,
            "p(95)": 58.50065
        },
        "checks": {
            "passes": 4200,
            "fails": 0,
            "value": 1
        },
        "txn_failed": {
            "count": 8355,
            "rate": 93.6808563379748
        },
        "txn_poll_timeout": {
            "count": 8355,
            "rate": 93.6808563379748
        },
        "http_req_blocked": {
            "avg": 0.003377276741920957,
            "min": 0,
            "med": 0,
            "max": 6.4318,
            "p(90)": 0,
            "p(95)": 0
        },
        "txn_e2e_latency_ms": {
            "avg": 3407.7395238095237,
            "min": 312,
            "med": 2732,
            "max": 9442,
            "p(90)": 7108.900000000004,
            "p(95)": 8103.05,
            "thresholds": {
                "p(95)<1500": true,
                "p(99)<2500": true
            }
        },
        "http_req_connecting": {
            "avg": 0.0026696188876980686,
            "min": 0,
            "med": 0,
            "max": 2.3932,
            "p(90)": 0,
            "p(95)": 0
        },
        "vus": {
            "value": 14,
            "min": 14,
            "max": 1200
        },
        "http_req_waiting": {
            "p(95)": 58.417,
            "avg": 19.25749886298114,
            "min": 0,
            "med": 11.8211,
            "max": 547.5424,
            "p(90)": 48.2015
        },
        "http_req_receiving": {
            "avg": 0.051576301706051576,
            "min": 0,
            "med": 0,
            "max": 3.7986,
            "p(90)": 0,
            "p(95)": 0.5276
        }
    }
}